{
  "package": {
  "name": ""
  },

  "devDependencies": [
    "u-testrunner",
    "lodash"
  ],

  "dependencies": [
    "u-stream-combinators"
  ],

  "tsconfig": {
  "compilerOptions": {
    "strict": true,
    "jsx": "react-jsx",
    "jsxFactory": "createElement",
    "jsxFragmentFactory": "Fragment",
    "module": "commonjs",
    "target": "esnext",
    "sourceMap": true,
    "importHelpers": true,
    "emitDecoratorMetadata": true,
    "experimentalDecorators": true,
    "outDir":"./dist",
    "esModuleInterop": true,
    "allowSyntheticDefaultImports": true,
    "paths": {
    "/*": ["src/*"]
    }
  },
  "exclude": [
  ]
  }
}
